./2TRX_Results/1.pdb,0.8635004986034579,1
./2TRX_Results/2.pdb,0.8628038318183451,2
./2TRX_Results/3.pdb,0.8632766520088796,3
./2TRX_Results/4.pdb,0.8650140583358943,4
./2TRX_Results/5.pdb,0.8635821806475182,5
./2TRX_Results/6.pdb,0.8651434757030608,14
./2TRX_Results/7.pdb,0.8641680252891446,18
./2TRX_Results/8.pdb,0.864622315329395,26
./2TRX_Results/9.pdb,0.8638786320467949,36
./2TRX_Results/10.pdb,0.8653236530720433,51
./2TRX_Results/11.pdb,0.8659597676604694,64
./2TRX_Results/12.pdb,0.8630488945773679,65
./2TRX_Results/13.pdb,0.8628654882000086,68
./2TRX_Results/14.pdb,0.8632918856134428,69
./2TRX_Results/15.pdb,0.8627820248233364,84
./2TRX_Results/16.pdb,0.8634746827348496,102
./2TRX_Results/17.pdb,0.8635476900023412,125
./2TRX_Results/18.pdb,0.8627617995444353,205
./2TRX_Results/19.pdb,0.8630661366260375,247
./2TRX_Results/20.pdb,0.8627970012795086,254
./2TRX_Results/21.pdb,0.863423763407897,470
./2TRX_Results/22.pdb,0.8627157111647366,478
./2TRX_Results/23.pdb,0.8636984095213371,666
./2TRX_Results/24.pdb,0.863570252521947,667
