./1LYZ_Mutations/1.pdb,0.788960513533074,3
./1LYZ_Mutations/2.pdb,0.7903813130728438,4
./1LYZ_Mutations/3.pdb,0.7859044412816976,12
./1LYZ_Mutations/4.pdb,0.7895009301171628,13
./1LYZ_Mutations/5.pdb,0.7928710535822061,14
./1LYZ_Mutations/6.pdb,0.7888827080842684,69
./1LYZ_Mutations/7.pdb,0.7908481205081369,83
./1LYZ_Mutations/8.pdb,0.788542693750588,86
./1LYZ_Mutations/9.pdb,0.7880164691837881,106
./1LYZ_Mutations/10.pdb,0.7879045923419854,111
./1LYZ_Mutations/11.pdb,0.7880144905657183,129
./1LYZ_Mutations/12.pdb,0.7883736471350741,139
./1LYZ_Mutations/13.pdb,0.7882693994365861,148
./1LYZ_Mutations/14.pdb,0.788354996042606,313
./1LYZ_Mutations/15.pdb,0.7896006157725229,339
./1LYZ_Mutations/16.pdb,0.7902551968963119,346
./1LYZ_Mutations/17.pdb,0.7883315869618852,347
./1LYZ_Mutations/18.pdb,0.7898763392496599,409
./1LYZ_Mutations/19.pdb,0.789132035140849,412
./1LYZ_Mutations/20.pdb,0.7880420963655336,432
./1LYZ_Mutations/21.pdb,0.7882558710340349,451
./1LYZ_Mutations/22.pdb,0.7901471370785491,502
./1LYZ_Mutations/23.pdb,0.7898785314999027,514
./1LYZ_Mutations/24.pdb,0.788288799470898,516
./1LYZ_Mutations/25.pdb,0.7878775786166613,540
./1LYZ_Mutations/26.pdb,0.7879915291748383,541
./1LYZ_Mutations/27.pdb,0.7879752397793751,557
./1LYZ_Mutations/28.pdb,0.7882396555162213,579
./1LYZ_Mutations/29.pdb,0.7881777578297433,581
./1LYZ_Mutations/30.pdb,0.7890346304363616,590
./1LYZ_Mutations/31.pdb,0.7883434495981337,622
./1LYZ_Mutations/32.pdb,0.7883772353356878,628
./1LYZ_Mutations/33.pdb,0.7915410551864978,633
./1LYZ_Mutations/34.pdb,0.7916439570523021,635
./1LYZ_Mutations/35.pdb,0.7898061801070151,638
./1LYZ_Mutations/36.pdb,0.7901725974158607,643
./1LYZ_Mutations/37.pdb,0.7899290176860091,645
./1LYZ_Mutations/38.pdb,0.7921701850202494,647
./1LYZ_Mutations/39.pdb,0.7924104399970249,664
./1LYZ_Mutations/40.pdb,0.7893425585165754,665
./1LYZ_Mutations/41.pdb,0.7905193962104806,667
./1LYZ_Mutations/42.pdb,0.7883776935066104,687
./1LYZ_Mutations/43.pdb,0.789040689304686,692
./1LYZ_Mutations/44.pdb,0.7882984942179664,703
./1LYZ_Mutations/45.pdb,0.788727809301773,707
