./1UBQ_Results/1.pdb,0.815682079142048,10
./1UBQ_Results/2.pdb,0.8116276190985895,502
./1UBQ_Results/3.pdb,0.8147120263330241,520
./1UBQ_Results/4.pdb,0.8144813972601104,521
./1UBQ_Results/5.pdb,0.8154841155067971,523
./1UBQ_Results/6.pdb,0.8228036249967072,524
./1UBQ_Results/7.pdb,0.8241863252661874,526
./1UBQ_Results/8.pdb,0.8195505956664879,527
./1UBQ_Results/9.pdb,0.8397929405969615,528
./1UBQ_Results/10.pdb,0.8366640807638883,531
./1UBQ_Results/11.pdb,0.8356831525046893,564
./1UBQ_Results/12.pdb,0.8352727860678621,567
./1UBQ_Results/13.pdb,0.8364776271285772,580
./1UBQ_Results/14.pdb,0.8350941340848417,623
./1UBQ_Results/15.pdb,0.8356167658626725,688
./1UBQ_Results/16.pdb,0.8350477731809212,707
